<?xml version="1.0" encoding="UTF-8"?>
<xrgb>
  <models>
    <model StringType="RGB Nodes" StartSide="B" Dir="L" Antialias="1" PixelSize="2" Transparency="0" parm3="1" name="Matrix" DisplayAs="Horiz Matrix" LayoutGroup="Default" parm1="30" parm2="60" offsetXpct="0.1726" offsetYpct="0.8571" PreviewScaleX="0.2920" PreviewScaleY="0.2286" PreviewRotation="0" versionNumber="1" StartChannel="37345"/>
    <model DisplayAs="Custom" StringType="RGB Nodes" StartSide="B" Dir="L" Antialias="1" PixelSize="2" Transparency="0" parm3="1" LayoutGroup="Default" name="Window RS Bottom Left" parm2="16" parm1="11" CustomModel=",32,31,30,29,28,27,26,25,24,;33,,,,,,,,,,23;34,,,,,,,,,,22;36,,,,,,,,,,21;37,,,,,,,,,,20;38,,,,,,,,,,19;39,,,,,,,,,,18;40,,,,,,,,,,17;41,,,,,,,,,,16;42,,,,,,,,,,15;43,,,,,,,,,,14;44,,,,,,,,,,13;45,,,,,,,,,,12;46,,,,,,,,,,11;,,,,,,,,,,10;,1,2,3,4,5,6,7,8,9," CustomBkgLightness="0" offsetXpct="0.8707" offsetYpct="0.0971" PreviewScaleX="0.0253" PreviewScaleY="0.0857" PreviewRotation="0" versionNumber="1" StartChannel="#109:1"/>
    <model DisplayAs="Custom" StringType="RGB Nodes" StartSide="B" Dir="L" Antialias="1" PixelSize="2" Transparency="0" parm3="1" LayoutGroup="Default" name="Window RS Top Left-1" parm2="12" parm1="11" CustomModel=",10,9,8,7,6,5,4,3,2,1;11,,,,,,,,,,40;12,,,,,,,,,,39;13,,,,,,,,,,38;14,,,,,,,,,,37;15,,,,,,,,,,36;16,,,,,,,,,,35;17,,,,,,,,,,34;18,,,,,,,,,,33;19,,,,,,,,,,32;20,,,,,,,,,,31;21,22,23,24,25,26,27,28,29,30," CustomBkgLightness="0" offsetXpct="0.9660" offsetYpct="0.2286" PreviewScaleX="0.0253" PreviewScaleY="0.0829" PreviewRotation="0" versionNumber="1" StartChannel="&gt;Window RS Top Left:1"/>
    <model DisplayAs="Custom" StringType="RGB Nodes" StartSide="B" Dir="L" Antialias="1" PixelSize="2" Transparency="0" parm3="1" LayoutGroup="Default" name="Window RS Top Left" parm2="12" parm1="11" CustomModel=",29,28,27,26,25,24,23,22,21,20;30,,,,,,,,,,19;31,,,,,,,,,,18;32,,,,,,,,,,17;33,,,,,,,,,,16;34,,,,,,,,,,15;35,,,,,,,,,,14;36,,,,,,,,,,13;37,,,,,,,,,,12;38,,,,,,,,,,11;39,,,,,,,,,,10;40,1,2,3,4,5,6,7,8,9," CustomBkgLightness="0" offsetXpct="0.8700" offsetYpct="0.2257" PreviewScaleX="0.0253" PreviewScaleY="0.0829" PreviewRotation="0" versionNumber="1" StartChannel="#108:1"/>
    <model DisplayAs="Star" StartSide="B" Dir="L" Antialias="1" PixelSize="2" Transparency="0" parm1="1" parm2="50" parm3="5" LayoutGroup="Default" StringType="Single Color Red" name="Back White Stars" offsetXpct="0.2100" offsetYpct="0.4000" PreviewScaleX="0.0253" PreviewScaleY="0.0600" PreviewRotation="0" versionNumber="1" StartChannel="#99:416"/>
    <model DisplayAs="Single Line" StringType="RGB Nodes" StartSide="B" Dir="L" Antialias="1" PixelSize="2" Transparency="0" parm1="1" parm3="1" LayoutGroup="Default" parm2="56" name="Town Town" X1="0.326667" Y1="0.581429" X2="0.090000" Y2="0.588571" versionNumber="1" StartChannel="#503:1"/>
    <model DisplayAs="Poly Line" parm1="1" parm2="97" parm3="1" PixelSize="2" Transparency="0" ModelBrightness="" Antialias="1" StartSide="B" Dir="L" StrandNames="" NodeNames="" name="Back Tree Star" LayoutGroup="Default" StringType="RBG Nodes" NumPoints="17" PointData="0.068844,0.527624,0.070204,0.564286,0.072008,0.525826,0.081033,0.539239,0.074267,0.522241,0.086000,0.517775,0.074720,0.513306,0.083295,0.493640,0.072008,0.505245,0.070650,0.461429,0.067953,0.505245,0.058931,0.493640,0.064345,0.514190,0.056667,0.517775,0.065235,0.523155,0.059821,0.541032,0.068844,0.527624" cPointData="" versionNumber="1" StartChannel="#99:1"/>
    <model DisplayAs="Wreath" StartSide="B" Dir="L" Antialias="1" PixelSize="2" Transparency="0" parm1="1" parm2="50" parm3="1" LayoutGroup="Default" name="Wreath Right" StringType="Single Color Red" offsetXpct="0.7227" offsetYpct="0.2471" PreviewScaleX="0.0200" PreviewScaleY="0.0429" PreviewRotation="0" versionNumber="1" StartChannel="#117:32"/>
    <model DisplayAs="Wreath" StartSide="B" Dir="L" Antialias="1" PixelSize="2" Transparency="0" parm1="1" parm2="50" parm3="1" LayoutGroup="Default" name="Wreath Left" StringType="Single Color Red" offsetXpct="0.5560" offsetYpct="0.2457" PreviewScaleX="0.0200" PreviewScaleY="0.0429" PreviewRotation="0" versionNumber="1" StartChannel="#117:32"/>
    <model DisplayAs="Star" StartSide="B" Dir="L" Antialias="1" PixelSize="2" Transparency="0" parm1="1" parm2="50" parm3="5" LayoutGroup="Default" name="Star 13" StringType="Single Color Red" offsetXpct="0.7560" offsetYpct="0.4200" PreviewScaleX="0.0200" PreviewScaleY="0.0400" PreviewRotation="0" versionNumber="1" StartChannel="#117:29"/>
    <model DisplayAs="Star" StartSide="B" Dir="L" Antialias="1" PixelSize="2" Transparency="0" parm1="1" parm2="50" parm3="5" LayoutGroup="Default" name="Star 12" StringType="Single Color Red" offsetXpct="0.7213" offsetYpct="0.3257" PreviewScaleX="0.0200" PreviewScaleY="0.0400" PreviewRotation="0" versionNumber="1" StartChannel="#117:28"/>
    <model DisplayAs="Star" StartSide="B" Dir="L" Antialias="1" PixelSize="2" Transparency="0" parm1="1" parm2="50" parm3="5" LayoutGroup="Default" name="Star 9" StringType="Single Color Red" offsetXpct="0.6800" offsetYpct="0.4158" PreviewScaleX="0.0200" PreviewScaleY="0.0400" PreviewRotation="0" versionNumber="1" StartChannel="#117:25"/>
    <model DisplayAs="Star" StartSide="B" Dir="L" Antialias="1" PixelSize="2" Transparency="0" parm1="1" parm2="50" parm3="5" LayoutGroup="Default" name="Star 8" StringType="Single Color Red" offsetXpct="0.6419" offsetYpct="0.3243" PreviewScaleX="0.0200" PreviewScaleY="0.0400" PreviewRotation="0" versionNumber="1" StartChannel="#117:24"/>
    <model DisplayAs="Star" StartSide="B" Dir="L" Antialias="1" PixelSize="2" Transparency="0" parm1="1" parm2="50" parm3="5" LayoutGroup="Default" name="Star 5" StringType="Single Color Red" offsetXpct="0.6007" offsetYpct="0.4229" PreviewScaleX="0.0200" PreviewScaleY="0.0400" PreviewRotation="0" versionNumber="1" StartChannel="#117:21"/>
    <model DisplayAs="Star" StartSide="B" Dir="L" Antialias="1" PixelSize="2" Transparency="0" parm1="1" parm2="50" parm3="5" LayoutGroup="Default" name="Star 4" StringType="Single Color Red" offsetXpct="0.5640" offsetYpct="0.3243" PreviewScaleX="0.0200" PreviewScaleY="0.0400" PreviewRotation="0" versionNumber="1" StartChannel="#117:20"/>
    <model DisplayAs="Star" StartSide="B" Dir="L" Antialias="1" PixelSize="2" Transparency="0" parm1="1" parm2="50" parm3="5" LayoutGroup="Default" name="Star 1" StringType="Single Color Red" offsetXpct="0.5266" offsetYpct="0.4186" PreviewScaleX="0.0200" PreviewScaleY="0.0400" PreviewRotation="0" versionNumber="1" StartChannel="#117:17"/>
    <model DisplayAs="Star" StartSide="B" Dir="L" Antialias="1" PixelSize="2" Transparency="0" parm1="1" parm2="50" parm3="5" LayoutGroup="Default" name="Star 14" StringType="Single Color Red" offsetXpct="0.7579" offsetYpct="0.3343" PreviewScaleX="0.0333" PreviewScaleY="0.0714" PreviewRotation="0" versionNumber="1" StartChannel="#117:30"/>
    <model DisplayAs="Star" StartSide="B" Dir="L" Antialias="1" PixelSize="2" Transparency="0" parm1="1" parm2="50" parm3="5" LayoutGroup="Default" name="Star 11" StringType="Single Color Red" offsetXpct="0.7166" offsetYpct="0.4143" PreviewScaleX="0.0333" PreviewScaleY="0.0714" PreviewRotation="0" versionNumber="1" StartChannel="#117:27"/>
    <model DisplayAs="Star" StartSide="B" Dir="L" Antialias="1" PixelSize="2" Transparency="0" parm1="1" parm2="50" parm3="5" LayoutGroup="Default" name="Star 10" StringType="Single Color Red" offsetXpct="0.6840" offsetYpct="0.3329" PreviewScaleX="0.0333" PreviewScaleY="0.0714" PreviewRotation="0" versionNumber="1" StartChannel="#117:26"/>
    <model DisplayAs="Star" StartSide="B" Dir="L" Antialias="1" PixelSize="2" Transparency="0" parm1="1" parm2="50" parm3="5" LayoutGroup="Default" name="Star 7" StringType="Single Color Red" offsetXpct="0.6399" offsetYpct="0.4186" PreviewScaleX="0.0333" PreviewScaleY="0.0714" PreviewRotation="0" versionNumber="1" StartChannel="#117:23"/>
    <model DisplayAs="Star" StartSide="B" Dir="L" Antialias="1" PixelSize="2" Transparency="0" parm1="1" parm2="50" parm3="5" LayoutGroup="Default" name="Star 6" StringType="Single Color Red" offsetXpct="0.6013" offsetYpct="0.3343" PreviewScaleX="0.0333" PreviewScaleY="0.0714" PreviewRotation="0" versionNumber="1" StartChannel="#117:22"/>
    <model DisplayAs="Star" StartSide="B" Dir="L" Antialias="1" PixelSize="2" Transparency="0" parm1="1" parm2="50" parm3="5" LayoutGroup="Default" name="Star 3" StringType="Single Color Red" offsetXpct="0.5646" offsetYpct="0.4086" PreviewScaleX="0.0333" PreviewScaleY="0.0714" PreviewRotation="0" versionNumber="1" StartChannel="#117:19"/>
    <model DisplayAs="Star" StartSide="B" Dir="L" Antialias="1" PixelSize="2" Transparency="0" parm1="1" parm2="50" parm3="5" LayoutGroup="Default" name="Star 2" StringType="Single Color Red" offsetXpct="0.5273" offsetYpct="0.3301" PreviewScaleX="0.0333" PreviewScaleY="0.0714" PreviewRotation="0" versionNumber="1" StartChannel="#117:18"/>
    <model StartSide="B" Dir="L" Antialias="1" PixelSize="2" Transparency="0" parm2="50" parm3="1" DisplayAs="Tree 360" LayoutGroup="Default" TreeRotation="2.300000" TreeBottomTopRatio="46.500000" TreeSpiralRotations="0.000000" StringType="Single Color Red" name="Front Tree" parm1="16" offsetXpct="0.4713" offsetYpct="0.2286" PreviewScaleX="0.0747" PreviewScaleY="0.4143" PreviewRotation="0" versionNumber="1" StartChannel="#117:1"/>
    <model StartSide="B" Dir="L" Antialias="1" PixelSize="2" Transparency="0" parm2="50" parm3="1" LayoutGroup="Default" DisplayAs="Tree 180" TreeSpiralRotations="0.000000" TreeBottomTopRatio="50.000000" StringType="Single Color White" String16="&gt;Star Right Outter:16" String15="46" parm1="14" name="Back Tree" offsetXpct="0.0694" offsetYpct="0.2243" PreviewScaleX="0.1173" PreviewScaleY="0.4229" PreviewRotation="0" versionNumber="1" StartChannel="#99:401"/>
    <model DisplayAs="Star" StringType="RGB Nodes" StartSide="B" Dir="L" Antialias="1" PixelSize="2" Transparency="0" parm1="1" parm3="5" LayoutGroup="Default" parm2="90" name="Star Right Outter" offsetXpct="0.7413" offsetYpct="0.5157" PreviewScaleX="0.0560" PreviewScaleY="0.1286" PreviewRotation="0" versionNumber="1" StartChannel="#110:1"/>
    <model DisplayAs="Star" StringType="RGB Nodes" StartSide="B" Dir="L" Antialias="1" PixelSize="2" Transparency="0" parm1="1" LayoutGroup="Default" starSizes="" parm3="5" parm2="60" name="Star Right Middle" offsetXpct="0.7407" offsetYpct="0.5156" PreviewScaleX="0.0373" PreviewScaleY="0.0914" PreviewRotation="0" versionNumber="1" StartChannel="#111:1"/>
    <model DisplayAs="Star" StringType="RGB Nodes" StartSide="B" Dir="L" Antialias="1" PixelSize="2" Transparency="0" parm1="1" parm3="5" LayoutGroup="Default" parm2="35" name="Star Right Inner" offsetXpct="0.7414" offsetYpct="0.5186" PreviewScaleX="0.0240" PreviewScaleY="0.0571" PreviewRotation="0" versionNumber="1" StartChannel="#111:181"/>
    <model DisplayAs="Star" StringType="RGB Nodes" StartSide="B" Dir="L" Antialias="1" PixelSize="2" Transparency="0" parm1="1" parm3="5" LayoutGroup="Default" parm2="35" name="Star Left Inner" offsetXpct="0.5407" offsetYpct="0.5200" PreviewScaleX="0.0240" PreviewScaleY="0.0571" PreviewRotation="0" versionNumber="1" StartChannel="#211:181"/>
    <model DisplayAs="Star" StringType="RGB Nodes" StartSide="B" Dir="L" Antialias="1" PixelSize="2" Transparency="0" parm1="1" LayoutGroup="Default" starSizes="" parm3="5" name="Star Left Middle" parm2="60" offsetXpct="0.5400" offsetYpct="0.5185" PreviewScaleX="0.0373" PreviewScaleY="0.0914" PreviewRotation="0" versionNumber="1" StartChannel="#211:1"/>
    <model DisplayAs="Star" StringType="RGB Nodes" StartSide="B" Dir="L" Antialias="1" PixelSize="2" Transparency="0" parm1="1" parm3="5" LayoutGroup="Default" parm2="90" name="Star Left Outter" offsetXpct="0.5400" offsetYpct="0.5172" PreviewScaleX="0.0560" PreviewScaleY="0.1286" PreviewRotation="0" versionNumber="1" StartChannel="#210:1"/>
    <model DisplayAs="Custom" StringType="RGB Nodes" StartSide="B" Dir="L" Antialias="1" PixelSize="2" Transparency="0" parm3="1" LayoutGroup="Default" CustomBkgImage="/Users/William/Desktop/Right Dove.png" parm2="20" parm1="34" CustomModel=",,,,,,,,,,,,,,,25,,,,,,,,,,,,,,,,,,;,,,,,,,,,,,,,,,,,,,,,,,,,,,,,,,,,;,,,,,,,,,,,,,,26,,24,,,,,,,,,,,,,,,,,;,,,,,,,,,,,,,,,,,,,,,,,,,,,,,,,,,;,,,,,,,,,,,,27,,,,,21,,,,,,,,,,,,,,,,;,,,,,,,,,,,,,,,,,,,,,,,,,,,,,,,,,;,,,,,,,,,,28,,,,,,,,,,,,,,,,,,,,,,,;,,,,,,,,,,,,,,,,23,,,18,,,,,,,,,,,,,,;,,,,,,,,,29,,,,,,,,,,,,,,,,,,,,,,,,;,,,,31,,,30,,,,,,,22,,,,,,,,,,,,,,,,,,,;32,,,,,,,,,,,,,,,,,,20,,17,,,,,,,,,,,,11,;,33,,,,,,,,,,,,,,,,,,,,,,,,,,,,12,,,10,;,,,,34,,,,,,,,,,,,19,,,,,,14,,,13,,,,,,,,;,,,,,,,,,,,,,,,,,,,,16,,,,,,,,,9,,,,;,,,,,,,,,,,,,,,,,,,,,,,,,,,,,,8,,,;,,,,,,35,,,,,,,,,,,,,15,,,,,,,,,,,,,7,;,,,,,,,,,,,,,,,,,,,,,,,,,,,,4,,,5,,6;,,,,,,,,,36,,,,,,,,,,,,,,,3,,,,,,,,,;,,,,,,,,,,,37,,,,,,,,,,2,,,,,,,,,,,,;,,,,,,,,,,,,,,,38,,,1,,,,,,,,,,,,,,," CustomBkgLightness="0" name="POE Right Dove" offsetXpct="0.6987" offsetYpct="0.5400" PreviewScaleX="0.0227" PreviewScaleY="0.0257" PreviewRotation="0" versionNumber="1" StartChannel="#112:1"/>
    <model DisplayAs="Custom" StringType="RGB Nodes" StartSide="B" Dir="L" Antialias="1" PixelSize="2" Transparency="0" parm3="1" LayoutGroup="Default" name="POE Left Dove" CustomBkgImage="/Users/William/Desktop/Left Dove.png" parm2="20" parm1="34" CustomModel=",,,,,,,,,,,,,,,,,,25,,,,,,,,,,,,,,,;,,,,,,,,,,,,,,,,,,,,,,,,,,,,,,,,,;,,,,,,,,,,,,,,,,,24,,26,,,,,,,,,,,,,,;,,,,,,,,,,,,,,,,,,,,,,,,,,,,,,,,,;,,,,,,,,,,,,,,,,21,,,,,27,,,,,,,,,,,,;,,,,,,,,,,,,,,,,,,,,,,,,,,,,,,,,,;,,,,,,,,,,,,,,,,,,,,,,,28,,,,,,,,,,;,,,,,,,,,,,,,,18,,,23,,,,,,,,,,,,,,,,;,,,,,,,,,,,,,,,,,,,,,,,,29,,,,,,,,,;,,,,,,,,,,,,,,,,,,,,,,,,,,31,,,,,,,;,11,,,,,,,,,,,,17,,20,,,,22,,,,,,,,,,,32,,,;,10,,,12,,,,,,,,,,,,,,,,,,,,30,,,,,33,,,,;,,,,,,,,13,,,14,,,,,,19,,,,,,,,,34,,,,,,,;,,,,9,,,,,,,,,15,,,,,,,,,,,,,,,,,,,,;,,,8,,,,,,,,,,,,,,,,,,,,,,,,,,,,,,;,7,,,,,,,,,,,,,,16,,,,,,,,,35,,,,,,,,,;6,,5,,,4,,,,,,,,,,,,,,,,,,,,,,,,,,,,;,,,,,,,,,3,,,,,,,,,,,,36,,,,,,,,,,,,;,,,,,,,,,,,,2,,,,,,,37,,,,,,,,,,,,,,;,,,,,,,,,,,,,,,1,,38,,,,,,,,,,,,,,,," CustomBkgLightness="0" offsetXpct="0.5853" offsetYpct="0.5400" PreviewScaleX="0.0280" PreviewScaleY="0.0286" PreviewRotation="0" versionNumber="1" StartChannel="#212:1"/>
    <model DisplayAs="Custom" StringType="RGB Nodes" StartSide="B" Dir="L" Antialias="1" PixelSize="2" Transparency="0" parm3="1" LayoutGroup="Default" name="POE Earth" CustomBkgImage="/Users/William/Desktop/POE Earth.png" parm2="21" parm1="48" CustomModel=",,,,,76,,,77,,,,,,,,,,,,,,,,,,,,,,,,,,,,,,,,,,,,,,,;,,,75,,,,,,,78,,,,,,,,,,,,,,,,,,,,,,,,,,,,,,,,,,,,,;,,,,,,,,,,,,,,,,,,,,,,,,,,,,,,,,,,,,,,,,,,,,12,,,;,,,,,,,,,,,,,,,,,,,,,,,,,,,,,,,,,,,,,,,,,,,,,11,,;,74,,,,,,,,79,,,,,,,,,,,,,,,,,,,,,,,,,,,,,,,,,13,,,,,;,,,,,,,,,,,,,,,,,,,,,,,,,,,,,,,,,,,,,,,,,,,,,10,,;,73,,,,,,,,,,,,,,,,,,,,,,,,,,,,,,,,,,,30,,,,,,,,,,,;,,,,,,,,,,,,,,,,,,,,,,,,,,,,,,,,32,,,,,,,,,14,,,9,,,;,,72,,,,,,,,,,,,,,,,,,,,,,,,,,,,,,,,31,,,34,,,,,,,,,,;,,,,,,,,,,,,,,,,,,,,,,,,,,,,,,,,,,,,29,,,33,,15,,8,,,,;,,,70,,71,,,,,,,,,,,59,,,,,,,,,,,,,,,,,,,,,,,,,,,,,,,;,,,,,,,,,,,,,,60,,,,,,52,,,,44,,,,42,,,,,,,28,,,,,,,,7,,,,;,69,,,,,,,,,,,,,,,,,58,,,,,,,,43,,,41,,,,,,,,,,,16,,,,,6,,;,,,,,,,,,,,,,,,,,,,,,,,,45,,,,,,,,,,,27,,,,,,,,,,,,;68,,,,,,,,,,,,61,,,,,,,51,,,,,,,,,40,,,,,,,,,,,,17,,,,,5,,;,,,,,,,,,,,,,,,,,,,,,,,,,,,,,,,,,,,26,,,,20,,,,,,,,;,,,,,,,,,,,,53,,,,,,,50,,,,46,,,,,39,,,,,,35,,,,,,18,,,,,,,;67,,,,,,,,,,,62,,,,,,,57,,,,,,,,,,,,,,,,,25,,,,21,,,,,4,,,;,,,,,,,,,,,,54,,,,,,,,,,47,,,,,,,,,,,,,,,,,,,,,,,,,1;,66,,,,,,,,63,,,,,,,,56,,49,,,,,,,,,,38,,,,36,,24,,,22,19,,,,,3,,,;,,,,65,,,64,,,,,,,55,,,,,,,48,,,,,,,,,,37,,,,,23,,,,,,,,,,2," CustomBkgLightness="0" offsetXpct="0.6740" offsetYpct="0.4914" PreviewScaleX="0.0427" PreviewScaleY="0.0371" PreviewRotation="0" versionNumber="1" StartChannel="#112:115"/>
    <model DisplayAs="Custom" StringType="RGB Nodes" StartSide="B" Dir="L" Antialias="1" PixelSize="2" Transparency="0" parm3="1" LayoutGroup="Default" CustomBkgImage="/Users/William/Desktop/POE ON.png" parm2="16" parm1="27" CustomModel=",,,,,17,,,,,,,,,8,,,,,,,,,,,,;,,,16,,,,,18,,,,,,,,,7,,,,6,,,,,;,,,,,,,,,,,,,,,9,,,,,,,,,,,;,,,,,15,,,,,,,,,,,,,,,,,,,,,;,26,,,,,,,,19,,,,,,,,,,,,,,5,,,;,,,,,,,,,,,,,,,,,,,,,,,,,,;,,,,,,,,14,,,,13,,10,,,,,,,,,,,,;,,,,,,,,,,,,,,,,,,,,,,,,,,;25,,,,,,,,,20,,,,,,,,,,,,,,4,,,;,,,,,,,,,,,,,,11,,,,,,,,,,,,;,,,,,,,,,,,,,,,,,,,,,,,,,,;,,,,,,,,21,,,,,,,,,,,,,,,,,,;24,,,,,,,,,,,,,,,,,,,,,,3,,,,;,,,,,,,,,,,,,12,,,,,,,,,,,,,1;,,,,,,22,,,,,,,,,,,,,,,,,,,,;,,23,,,,,,,,,,,,,,,,,,,,,2,,," CustomBkgLightness="0" name="POE On" offsetXpct="0.6433" offsetYpct="0.4814" PreviewScaleX="0.0160" PreviewScaleY="0.0200" PreviewRotation="0" versionNumber="1" StartChannel="#112:352"/>
    <model DisplayAs="Custom" StringType="RGB Nodes" StartSide="B" Dir="L" Antialias="1" PixelSize="2" Transparency="0" parm3="1" LayoutGroup="Default" name="POE Peace" CustomBkgImage="/Users/William/Desktop/POE Peace.png" parm2="19" parm1="47" CustomModel=",,,,8,,7,,,,,,,,,,,,,,,,,,,,,,,,,,,,,,,,,,,,,,,,;,,9,,,,,,,,,,,,,,,,,,,,,,,,,,,,,,,,,,,,,,,,,,,,;,,,,,,,,,,,,,,,,,,,,,,,,,,,,,,,,,,,,,,,,,,,,,,;10,,12,,,,,,6,,,,,,,,,,,,,,,,,,,,,,,,,,,,,,,,,,,,,,;,11,,,,,,,,,,,,,,,,,,,,,,,,,,,,,,,,,,,,,,,,,,,,,;,,13,,,,,,,5,,,,,,,,,,,,,,,,,,,,,,,,,,,,,,,,,,,,,;,,,,,,,,,,,,,,,,,,,,,,,,,,,,,,,,,,,,,,,,,,,,,,;,,,,,,,,4,,,,,,,,,,,,,,,,,,,,,,,,,,,,,,,,,,,,,,;,,14,,,,,,,,,,,,,,,,,,,,,,,,,,,,,,,,,,,,,,,,,,,,;,,,,,,,,,,,,,,,23,,,,,,,,,34,,,,,42,,,,,,,50,,,,,,,,,,;,,15,1,,2,,3,,,,,,24,,,,,22,,,,,,,,,,,,,,,,51,,,,,,,,,65,,64,;,,,,,,,,,,,,,,,,,,,,,,33,,,,35,,43,,,,52,,,,,,49,,,66,,,,,63;,,,,,,,,,,,,25,,,,,,21,,,,,,,,,,,,,,,,,,,,,,,,,,,,;,,16,,,,,,,,,,,,,,,,,,,32,,,,,36,44,,,,53,,,,,,48,,,,67,,,,,62;,,,,,,,,,,,,,19,,,20,,,,,,,,,,,,,,,,,,,,,,,,,,60,,61,,;,,17,,,,,,,,,26,,,,,,,,,31,41,,,,,37,,,,,,,,,,,,,,59,,,,,,;,,,,,,,,,,,,,,,,,,,30,,,,,,,,45,,,,54,,,,,,,,58,,68,,,,,72;,,,,,,,,,,,,27,,,,,,,,,,40,,,,38,,,,,,,,,,,57,,,,69,,,,,;,,18,,,,,,,,,,,,,28,,29,,,,,,,39,,,,46,,47,,55,,,56,,,,,,,,70,,71," CustomBkgLightness="0" offsetXpct="0.6094" offsetYpct="0.4915" PreviewScaleX="0.0440" PreviewScaleY="0.0429" PreviewRotation="0" versionNumber="1" StartChannel="#212:115"/>
    <model DisplayAs="Custom" StringType="RGB Nodes" StartSide="B" Dir="L" Antialias="1" PixelSize="2" Transparency="0" parm3="1" LayoutGroup="Default" name="Window Back Bottom Left" parm2="16" parm1="11" CustomModel=",1,2,3,4,5,6,7,8,9,;46,,,,,,,,,,10;45,,,,,,,,,,11;44,,,,,,,,,,12;43,,,,,,,,,,13;42,,,,,,,,,,14;41,,,,,,,,,,15;40,,,,,,,,,,16;39,,,,,,,,,,17;38,,,,,,,,,,18;37,,,,,,,,,,19;36,,,,,,,,,,20;35,,,,,,,,,,21;34,,,,,,,,,,22;33,,,,,,,,,,23;,32,31,30,29,28,27,26,25,24," CustomBkgLightness="0" offsetXpct="0.0427" offsetYpct="0.0886" PreviewScaleX="0.0280" PreviewScaleY="0.0886" PreviewRotation="0" versionNumber="1" StartChannel="#408:1"/>
    <model DisplayAs="Custom" StringType="RGB Nodes" StartSide="B" Dir="L" Antialias="1" PixelSize="2" Transparency="0" parm3="1" LayoutGroup="Default" name="Window RS Bottom Right" parm2="16" parm1="11" CustomModel=",9,8,7,6,5,4,3,2,1,;10,,,,,,,,,,47;11,,,,,,,,,,46;12,,,,,,,,,,45;13,,,,,,,,,,44;14,,,,,,,,,,43;15,,,,,,,,,,42;16,,,,,,,,,,41;17,,,,,,,,,,40;18,,,,,,,,,,39;19,,,,,,,,,,38;20,,,,,,,,,,37;21,,,,,,,,,,36;22,,,,,,,,,,35;23,,,,,,,,,,34;24,25,26,27,28,29,30,31,32,33," CustomBkgLightness="0" offsetXpct="0.9660" offsetYpct="0.0943" PreviewScaleX="0.0280" PreviewScaleY="0.0886" PreviewRotation="0" versionNumber="1" StartChannel="#406:1"/>
    <model DisplayAs="Custom" StringType="RGB Nodes" StartSide="B" Dir="L" Antialias="1" PixelSize="2" Transparency="0" parm3="1" LayoutGroup="Default" name="Window Back Top Left" parm2="17" parm1="21" CustomModel=",1,2,3,4,5,6,7,8,9,10,11,12,13,14,15,16,17,18,19,;69,,,,,,,,,,,,,,,,,,,,20;68,,,,,,,,,,,,,,,,,,,,21;67,,,,,,,,,,,,,,,,,,,,22;66,,,,,,,,,,,,,,,,,,,,23;65,,,,,,,,,,,,,,,,,,,,24;64,,,,,,,,,,,,,,,,,,,,25;63,,,,,,,,,,,,,,,,,,,,26;62,,,,,,,,,,,,,,,,,,,,27;61,,,,,,,,,,,,,,,,,,,,28;60,,,,,,,,,,,,,,,,,,,,29;59,,,,,,,,,,,,,,,,,,,,30;58,,,,,,,,,,,,,,,,,,,,31;57,,,,,,,,,,,,,,,,,,,,32;56,,,,,,,,,,,,,,,,,,,,33;55,,,,,,,,,,,,,,,,,,,,34;54,53,52,51,50,49,48,47,46,45,44,43,42,41,40,39,38,37,36,35," CustomBkgLightness="0" offsetXpct="0.0420" offsetYpct="0.2100" PreviewScaleX="0.0480" PreviewScaleY="0.0829" PreviewRotation="0" versionNumber="1" StartChannel="#407:1"/>
    <model DisplayAs="Custom" StringType="RGB Nodes" StartSide="B" Dir="L" Antialias="1" PixelSize="2" Transparency="0" parm3="1" LayoutGroup="Default" name="Window Back Bottom Middle" parm2="13" parm1="9" CustomModel="30,31,32,33,34,35,36,37,38;29,,,,,,,,1;28,,,,,,,,2;27,,,,,,,,3;26,,,,,,,,4;25,,,,,,,,5;24,,,,,,,,6;23,,,,,,,,7;22,,,,,,,,8;21,,,,,,,,9;20,,,,,,,,10;19,,,,,,,,11;18,17,16,15,14,13,12,," CustomBkgLightness="0" offsetXpct="0.1300" offsetYpct="0.0871" PreviewScaleX="0.0253" PreviewScaleY="0.0886" PreviewRotation="0" versionNumber="1" StartChannel="#308:1"/>
    <model DisplayAs="Custom" StringType="RGB Nodes" StartSide="B" Dir="L" Antialias="1" PixelSize="2" Transparency="0" parm3="1" LayoutGroup="Default" name="Window Back Top Middle" parm2="8" parm1="10" CustomModel="29,28,27,26,25,24,23,22,21,;1,,,,,,,,,;2,,,,,,,,,20;3,,,,,,,,,19;4,,,,,,,,,18;5,,,,,,,,,17;6,,,,,,,,,16;,7,8,9,10,11,12,13,14,15" CustomBkgLightness="0" offsetXpct="0.1307" offsetYpct="0.2343" PreviewScaleX="0.0293" PreviewScaleY="0.0457" PreviewRotation="0" versionNumber="1" StartChannel="#409:1"/>
    <model DisplayAs="Custom" StringType="RGB Nodes" StartSide="B" Dir="L" Antialias="1" PixelSize="2" Transparency="0" parm3="1" LayoutGroup="Default" parm2="13" parm1="11" CustomModel=",32,33,34,35,36,37,38,39,,;31,,,,,,,,,,1;30,,,,,,,,,,2;29,,,,,,,,,,3;28,,,,,,,,,,4;27,,,,,,,,,,5;26,,,,,,,,,,6;25,,,,,,,,,,7;24,,,,,,,,,,8;23,,,,,,,,,,9;22,,,,,,,,,,10;21,,,,,,,,,,11;,20,19,18,17,16,15,14,13,12," CustomBkgLightness="0" name="Window Back Top Right" offsetXpct="0.2480" offsetYpct="0.2157" PreviewScaleX="0.0253" PreviewScaleY="0.0800" PreviewRotation="0" versionNumber="1" StartChannel="#306:1"/>
    <model DisplayAs="Custom" StringType="RGB Nodes" StartSide="B" Dir="L" Antialias="1" PixelSize="2" Transparency="0" parm3="1" LayoutGroup="Default" name="Window Back Bottom Right" parm2="12" parm1="15" CustomModel=",13,12,11,10,9,8,7,6,5,4,3,2,1,;14,,,,,,,,,,,,,,46;15,,,,,,,,,,,,,,45;16,,,,,,,,,,,,,,44;17,,,,,,,,,,,,,,43;18,,,,,,,,,,,,,,42;19,,,,,,,,,,,,,,41;20,,,,,,,,,,,,,,40;21,,,,,,,,,,,,,,39;22,,,,,,,,,,,,,,38;23,,,,,,,,,,,,,,37;,24,25,26,27,28,29,30,31,32,33,34,35,36," CustomBkgLightness="0" offsetXpct="0.2506" offsetYpct="0.0972" PreviewScaleX="0.0413" PreviewScaleY="0.0743" PreviewRotation="0" versionNumber="1" StartChannel="#307:1"/>
    <model DisplayAs="Custom" StringType="RGB Nodes" StartSide="B" Dir="L" Antialias="1" PixelSize="2" Transparency="0" parm3="1" LayoutGroup="Default" parm2="12" parm1="9" CustomModel="36,1,2,3,4,5,6,7,;35,,,,,,,,8;34,,,,,,,,9;33,,,,,,,,10;32,,,,,,,,11;31,,,,,,,,12;30,,,,,,,,13;29,,,,,,,,14;28,,,,,,,,15;27,,,,,,,,16;26,,,,,,,,17;,25,24,23,22,21,20,19,18" CustomBkgLightness="0" name="Window LS Bottom Left" offsetXpct="0.3060" offsetYpct="0.0972" PreviewScaleX="0.0253" PreviewScaleY="0.0857" PreviewRotation="0" versionNumber="1" StartChannel="#305:1"/>
    <model DisplayAs="Custom" StringType="RGB Nodes" StartSide="B" Dir="L" Antialias="1" PixelSize="2" Transparency="0" parm3="1" LayoutGroup="Default" parm2="13" parm1="11" CustomModel=",9,8,7,6,5,4,3,2,1,;10,,,,,,,,,,40;11,,,,,,,,,,39;12,,,,,,,,,,38;13,,,,,,,,,,37;14,,,,,,,,,,36;15,,,,,,,,,,35;16,,,,,,,,,,34;17,,,,,,,,,,33;18,,,,,,,,,,32;19,,,,,,,,,,31;20,,,,,,,,,,30;,21,22,23,24,25,26,27,28,29," CustomBkgLightness="0" name="Window LS Top Right" offsetXpct="0.4080" offsetYpct="0.2257" PreviewScaleX="0.0267" PreviewScaleY="0.0829" PreviewRotation="0" versionNumber="1" StartChannel="#208:1"/>
    <model DisplayAs="Custom" StringType="RGB Nodes" StartSide="B" Dir="L" Antialias="1" PixelSize="2" Transparency="0" parm3="1" LayoutGroup="Default" parm2="15" parm1="11" CustomModel=",9,8,7,6,5,4,3,2,1,46;10,,,,,,,,,,45;11,,,,,,,,,,44;12,,,,,,,,,,43;13,,,,,,,,,,42;14,,,,,,,,,,41;15,,,,,,,,,,40;16,,,,,,,,,,39;17,,,,,,,,,,38;18,,,,,,,,,,37;19,,,,,,,,,,36;20,,,,,,,,,,35;21,,,,,,,,,,34;22,,,,,,,,,,33;23,24,25,26,27,28,29,30,31,32," CustomBkgLightness="0" name="Window LS Bottom Right" offsetXpct="0.4073" offsetYpct="0.0957" PreviewScaleX="0.0267" PreviewScaleY="0.0886" PreviewRotation="0" versionNumber="1" StartChannel="#209:1"/>
    <model DisplayAs="Custom" StringType="RGB Nodes" StartSide="B" Dir="L" Antialias="1" PixelSize="2" Transparency="0" parm3="1" LayoutGroup="Default" parm2="15" parm1="21" CustomModel=",33,34,35,36,37,38,39,40,41,42,43,44,45,46,47,48,49,50,51,52;32,,,,,,,,,,,,,,,,,,,,53;31,,,,,,,,,,,,,,,,,,,,54;30,,,,,,,,,,,,,,,,,,,,55;29,,,,,,,,,,,,,,,,,,,,56;28,,,,,,,,,,,,,,,,,,,,57;27,,,,,,,,,,,,,,,,,,,,58;26,,,,,,,,,,,,,,,,,,,,59;25,,,,,,,,,,,,,,,,,,,,60;24,,,,,,,,,,,,,,,,,,,,61;23,,,,,,,,,,,,,,,,,,,,62;22,,,,,,,,,,,,,,,,,,,,63;21,,,,,,,,,,,,,,,,,,,,64;20,,,,,,,,,,,,,,,,,,,,65;,19,18,17,16,15,14,13,12,11,10,9,8,7,6,5,4,3,2,1," CustomBkgLightness="0" name="Window Front Right" offsetXpct="0.7227" offsetYpct="0.2486" PreviewScaleX="0.0493" PreviewScaleY="0.0714" PreviewRotation="0" versionNumber="1" StartChannel="#107:1"/>
    <model DisplayAs="Custom" StringType="RGB Nodes" StartSide="B" Dir="L" Antialias="1" PixelSize="2" Transparency="0" parm3="1" LayoutGroup="Default" parm2="15" parm1="21" CustomModel=",51,50,49,48,47,46,45,44,43,42,41,40,39,38,37,36,35,34,33,;68,,,,,,,,,,,,,,,,,,,,32;53,,,,,,,,,,,,,,,,,,,,31;54,,,,,,,,,,,,,,,,,,,,30;55,,,,,,,,,,,,,,,,,,,,29;56,,,,,,,,,,,,,,,,,,,,28;57,,,,,,,,,,,,,,,,,,,,27;58,,,,,,,,,,,,,,,,,,,,26;59,,,,,,,,,,,,,,,,,,,,25;60,,,,,,,,,,,,,,,,,,,,24;61,,,,,,,,,,,,,,,,,,,,23;62,,,,,,,,,,,,,,,,,,,,22;63,,,,,,,,,,,,,,,,,,,,21;64,,,,,,,,,,,,,,,,,,,,20;65,1,2,3,4,5,6,7,8,9,10,11,12,13,14,15,16,17,18,19," CustomBkgLightness="0" name="Window Front Left" offsetXpct="0.5567" offsetYpct="0.2471" PreviewScaleX="0.0493" PreviewScaleY="0.0714" PreviewRotation="0" versionNumber="1" StartChannel="#207:1"/>
    <model DisplayAs="Single Line" StringType="RGB Nodes" StartSide="B" Dir="L" Antialias="1" PixelSize="2" Transparency="0" parm1="1" parm3="1" LayoutGroup="Default" name="Border Front Top Left" parm2="50" X1="0.503333" Y1="0.292858" X2="0.642667" Y2="0.292858" versionNumber="1" StartChannel="#203:1"/>
    <model DisplayAs="Arches" StringType="RGB Nodes" StartSide="B" Antialias="1" PixelSize="2" Transparency="0" parm3="1" LayoutGroup="Default" parm1="4" Dir="R" parm2="30" name="Arches7-10" X1="0.371333" Y1="0.632857" X2="0.573333" Y2="0.631429" Height="1.000000" Angle="0" versionNumber="1" StartChannel="#501:1"/>
    <model DisplayAs="Arches" StringType="RGB Nodes" StartSide="B" Dir="L" Antialias="1" PixelSize="2" Transparency="0" parm3="1" LayoutGroup="Default" parm1="4" parm2="30" name="Arches 11-14" X1="0.576000" Y1="0.630000" X2="0.778000" Y2="0.628572" Height="1.000000" Angle="0" versionNumber="1" StartChannel="#502:1"/>
    <model DisplayAs="Arches" StringType="RGB Nodes" StartSide="B" Dir="L" Antialias="1" PixelSize="2" Transparency="0" parm3="1" LayoutGroup="Default" parm1="3" parm2="30" name="Arches 4-6" X1="0.218000" Y1="0.631429" X2="0.370666" Y2="0.630000" Height="1.000000" Angle="0" versionNumber="1" StartChannel="#604:1"/>
    <model DisplayAs="Arches" StringType="RGB Nodes" StartSide="B" Dir="L" Antialias="1" PixelSize="2" Transparency="0" parm3="1" LayoutGroup="Default" parm1="3" parm2="30" name="Arches 1-3" X1="0.064667" Y1="0.631429" X2="0.217333" Y2="0.630000" Height="1.000000" Angle="0" versionNumber="1" StartChannel="#603:1"/>
    <model DisplayAs="Single Line" StringType="RGB Nodes" StartSide="B" Dir="L" Antialias="1" PixelSize="2" Transparency="0" parm1="1" parm3="1" LayoutGroup="Default" parm2="44" name="Outline RS Peak Right" X1="0.998000" Y1="0.284286" X2="0.919333" Y2="0.455714" versionNumber="1" StartChannel="#401:1"/>
    <model DisplayAs="Single Line" StringType="RGB Nodes" StartSide="B" Dir="L" Antialias="1" PixelSize="2" Transparency="0" parm1="1" parm3="1" LayoutGroup="Default" name="Outline RS Edge Right" parm2="50" X1="0.996667" Y1="0.281429" X2="0.997333" Y2="0.001429" versionNumber="1" StartChannel="#402:1"/>
    <model DisplayAs="Single Line" StringType="RGB Nodes" StartSide="B" Dir="L" Antialias="1" PixelSize="2" Transparency="0" parm1="1" parm3="1" LayoutGroup="Default" name="Border RS Edge Left" parm2="50" X1="0.842667" Y1="0.280000" X2="0.843333" Y2="0.001429" versionNumber="1" StartChannel="#102:1"/>
    <model DisplayAs="Poly Line" StringType="RGB Nodes" StartSide="B" Antialias="1" PixelSize="2" Transparency="0" parm1="1" parm3="1" LayoutGroup="Default" name="Border Front Middle Right" Dir="L" parm2="77" NumPoints="3" PointData="0.840001,0.197143,0.778667,0.134286,0.677334,0.135714" cPointData="" versionNumber="1" StartChannel="#105:1"/>
    <model DisplayAs="Poly Line" StringType="RGB Nodes" StartSide="B" Dir="L" Antialias="1" PixelSize="2" Transparency="0" parm1="1" parm3="1" LayoutGroup="Default" name="Border Front Middle Left" parm2="78" NumPoints="3" PointData="0.442668,0.201429,0.506001,0.135715,0.606001,0.137143" cPointData="" versionNumber="1" StartChannel="#205:1"/>
    <model DisplayAs="Single Line" StringType="RGB Nodes" StartSide="B" Dir="L" Antialias="1" PixelSize="2" Transparency="0" parm1="1" parm3="1" LayoutGroup="Default" parm2="68" name="Border Front Bottom Right" X1="0.840667" Y1="0.004286" X2="0.678000" Y2="0.004286" versionNumber="1" StartChannel="#106:1"/>
    <model DisplayAs="Single Line" StringType="RGB Nodes" StartSide="B" Dir="L" Antialias="1" PixelSize="2" Transparency="0" parm1="1" parm3="1" LayoutGroup="Default" name="Border Front Bottom Left" parm2="66" X1="0.439333" Y1="0.005714" X2="0.603333" Y2="0.002857" versionNumber="1" StartChannel="#206:1"/>
    <model DisplayAs="Single Line" StringType="RGB Nodes" StartSide="B" Dir="L" Antialias="1" PixelSize="2" Transparency="0" parm1="1" parm3="1" LayoutGroup="Default" name="Border LS Edge Right" parm2="50" X1="0.438000" Y1="0.284285" X2="0.438000" Y2="-0.001429" versionNumber="1" StartChannel="#202:1"/>
    <model DisplayAs="Single Line" StringType="RGB Nodes" StartSide="B" Dir="L" Antialias="1" PixelSize="2" Transparency="0" parm1="1" parm3="1" LayoutGroup="Default" parm2="44" name="Border LS Peak Right" X1="0.439333" Y1="0.284286" X2="0.360667" Y2="0.455714" versionNumber="1" StartChannel="#201:1"/>
    <model DisplayAs="Single Line" StringType="RGB Nodes" StartSide="B" Dir="L" Antialias="1" PixelSize="2" Transparency="0" parm1="1" parm3="1" LayoutGroup="Default" parm2="44" name="Border LS Peak Left" X1="0.282000" Y1="0.287143" X2="0.360000" Y2="0.454286" versionNumber="1" StartChannel="#301:1"/>
    <model DisplayAs="Single Line" StringType="RGB Nodes" StartSide="B" Dir="L" Antialias="1" PixelSize="2" Transparency="0" parm1="1" parm3="1" LayoutGroup="Default" name="Border LS Edge Left" parm2="47" X1="0.284000" Y1="0.282857" X2="0.284667" Y2="0.001429" versionNumber="1" StartChannel="#302:1"/>
    <model DisplayAs="Single Line" StringType="RGB Nodes" StartSide="B" Dir="L" Antialias="1" PixelSize="2" Transparency="0" parm1="1" parm3="1" LayoutGroup="Default" name="Border Back Edge Right" parm2="49" X1="0.278667" Y1="0.277142" X2="0.278667" Y2="-0.001429" versionNumber="1" StartChannel="#304:1"/>
    <model DisplayAs="Single Line" StringType="RGB Nodes" StartSide="B" Dir="L" Antialias="1" PixelSize="2" Transparency="0" parm1="1" parm3="1" LayoutGroup="Default" name="Border Back Cross Right" parm2="49" X1="0.280000" Y1="0.281429" X2="0.143334" Y2="0.281429" versionNumber="1" StartChannel="#303:1"/>
    <model DisplayAs="Single Line" StringType="RGB Nodes" StartSide="B" Dir="L" Antialias="1" PixelSize="2" Transparency="0" parm1="1" parm3="1" LayoutGroup="Default" name="Border Back Cross Left" parm2="57" X1="0.007333" Y1="0.280000" X2="0.143333" Y2="0.281429" versionNumber="1" StartChannel="#403:1"/>
    <model DisplayAs="Single Line" StringType="RGB Nodes" StartSide="B" Dir="L" Antialias="1" PixelSize="2" Transparency="0" parm1="1" parm3="1" LayoutGroup="Default" name="Border Back Edge Left" parm2="50" X1="0.007333" Y1="0.280000" X2="0.006667" Y2="-0.001429" versionNumber="1" StartChannel="#404:1"/>
    <model DisplayAs="Poly Line" StringType="RGB Nodes" StartSide="B" Dir="L" Antialias="1" PixelSize="2" Transparency="0" parm1="1" parm3="1" LayoutGroup="Default" parm2="45" name="Border WS Front" NumPoints="3" PointData="0.429334,0.472857,0.376000,0.554285,0.315334,0.474285" cPointData="" versionNumber="1" StartChannel="#601:1"/>
    <model DisplayAs="Single Line" StringType="RGB Nodes" StartSide="B" Dir="L" Antialias="1" PixelSize="2" Transparency="0" parm1="1" parm3="1" LayoutGroup="Default" parm2="80" name="Border WS Side" X1="0.316000" Y1="0.475714" X2="0.104000" Y2="0.481429" versionNumber="1" StartChannel="#602:1"/>
    <model DisplayAs="Single Line" StringType="RGB Nodes" StartSide="B" Dir="L" Antialias="1" PixelSize="2" Transparency="0" parm1="1" parm3="1" LayoutGroup="Default" parm2="15" name="Border Front Edge Left" X1="0.502667" Y1="0.281429" X2="0.503333" Y2="0.202857" versionNumber="1" StartChannel="#204:1"/>
    <model DisplayAs="Single Line" StringType="RGB Nodes" StartSide="B" Dir="L" Antialias="1" PixelSize="2" Transparency="0" parm1="1" parm3="1" LayoutGroup="Default" parm2="15" name="Border Front Edge Right" X1="0.776667" Y1="0.282857" X2="0.776667" Y2="0.204286" versionNumber="1" StartChannel="#104:1"/>
    <model DisplayAs="Single Line" StringType="RGB Nodes" StartSide="B" Dir="L" Antialias="1" PixelSize="2" Transparency="0" parm1="1" parm3="1" LayoutGroup="Default" name="Border Front Top Right" parm2="56" X1="0.776666" Y1="0.291429" X2="0.644000" Y2="0.291429" versionNumber="1" StartChannel="#103:1"/>
    <model DisplayAs="Single Line" StartSide="B" Dir="L" Antialias="1" PixelSize="2" Transparency="0" parm1="1" parm2="50" parm3="1" LayoutGroup="Default" StringType="Single Color Red" name="Sleigh" X1="0.696000" Y1="0.174286" X2="0.768000" Y2="0.194286" versionNumber="1" StartChannel="#117:31"/>
    <model DisplayAs="Single Line" StringType="RGB Nodes" StartSide="B" Dir="L" Antialias="1" PixelSize="2" Transparency="0" parm1="1" parm3="1" LayoutGroup="Default" name="Border RS Peak Left" parm2="43" X1="0.841333" Y1="0.281429" X2="0.921333" Y2="0.457143" versionNumber="1" StartChannel="#101:1"/>
    <model DisplayAs="Poly Line" StartSide="B" Dir="L" Antialias="1" PixelSize="2" Transparency="0" parm1="1" parm2="50" parm3="1" LayoutGroup="Default" name="Drip Lights" StringType="Single Color Red" NumPoints="14" PointData="0.114000,0.415714,0.114000,0.305714,0.113333,0.417143,0.127333,0.414285,0.126667,0.304285,0.127333,0.415714,0.137333,0.437143,0.138000,0.355714,0.137333,0.431428,0.152000,0.434285,0.151333,0.355714,0.151333,0.431428,0.166000,0.431428,0.164000,0.357143" cPointData="" versionNumber="1" StartChannel="#99:415"/>
  </models>
  <effects version="0006">
    <effect name="Test" settings="CopyFormat1&#x9;0&#x9;0&#x9;3&#x9;0&#x9;14&#x9;PASTE_BY_CELL&#xA;" version="0006" xLightsVersion="2016.50"/>
  </effects>
  <palettes/>
  <views>
    <view name="LOR Items" models="Front Tree,Back Tree,Roof Stars,Back White Stars,Drip Lights,Wreaths,Sleigh"/>
    <view name="Static Props" models="POE Doves,Town Town"/>
    <view name="RGB Props" models="ALL,Outline,Windows,Arches,RGB Star Left,Peace On Earth,RGB Star Right,RGB Stars,Back Tree Star,Workshop,Matrix"/>
  </views>
  <modelGroups>
    <modelGroup selected="0" name="Outline" models="Border Back Cross Right,Border Back Edge Right,Border Front Bottom Left,Border Front Bottom Right,Border Front Edge Left,Border Front Edge Right,Border Front Middle Left,Border Front Middle Right,Border Front Top Left,Border Front Top Right,Border LS Edge Left,Border LS Edge Right,Border LS Peak Left,Border LS Peak Right,Border RS Edge Left,Border Back Cross Left,Border Back Edge Left,Outline RS Edge Right,Outline RS Peak Right,Border RS Peak Left" GridSize="400" layout="minimalGrid" LayoutGroup="Default"/>
    <modelGroup selected="0" name="Peace On Earth" models="POE Earth,POE On,POE Peace" GridSize="400" layout="minimalGrid" LayoutGroup="Default"/>
    <modelGroup selected="0" name="POE Doves" models="POE Right Dove,POE Left Dove" GridSize="400" layout="minimalGrid" LayoutGroup="Default"/>
    <modelGroup selected="0" name="Windows" models="Window Back Top Right,Window Front Left,Window Front Right,Window Back Bottom Right,Window Back Top Left,Window Back Bottom Left,Window Back Bottom Middle,Window Back Top Middle,Window LS Bottom Left,Window LS Bottom Right,Window LS Top Right,Window RS Bottom Left,Window RS Bottom Right,Window RS Top Left,Window RS Top Left-1" GridSize="400" layout="minimalGrid" LayoutGroup="Default"/>
    <modelGroup selected="0" name="Arches" models="Arches 1-3,Arches 4-6,Arches7-10,Arches 11-14" GridSize="400" layout="minimalGrid" LayoutGroup="Default"/>
    <modelGroup selected="0" name="Workshop" models="Border WS Front,Border WS Side" GridSize="400" layout="minimalGrid" LayoutGroup="Default"/>
    <modelGroup selected="0" name="Roof Stars" models="Star 1,Star 2,Star 3,Star 4,Star 5,Star 6,Star 7,Star 8,Star 9,Star 10,Star 11,Star 12,Star 13,Star 14" GridSize="400" layout="minimalGrid" LayoutGroup="Default"/>
    <modelGroup selected="0" name="RGB Stars" models="Star Left Inner,Star Left Middle,Star Left Outter,Star Right Inner,Star Right Middle,Star Right Outter" GridSize="400" layout="minimalGrid" LayoutGroup="Default"/>
    <modelGroup selected="0" name="ALL" models="Window RS Top Left,Window RS Bottom Right,Window RS Bottom Left,Window LS Top Right,Window LS Bottom Right,Window LS Bottom Left,Window Front Right,Window Front Left,Window Back Top Right,Window Back Top Middle,Window Back Top Left,Window Back Bottom Right,Window Back Bottom Middle,Window Back Bottom Left,Star Right Outter,Star Right Middle,Star Right Inner,Star Left Outter,Star Left Middle,Star Left Inner,POE Peace,POE On,POE Earth,Outline RS Peak Right,Outline RS Edge Right,Border WS Side,Border WS Front,Border RS Edge Left,Border LS Peak Right,Border LS Peak Left,Border LS Edge Right,Border LS Edge Left,Border Front Top Right,Border Front Top Left,Border Front Middle Right,Border Front Middle Left,Border Front Edge Right,Border Front Edge Left,Border Front Bottom Right,Border Front Bottom Left,Border Back Edge Right,Border Back Edge Left,Border Back Cross Right,Border Back Cross Left,Arches7-10,Arches 4-6,Arches 11-14,Arches 1-3,Back Tree Star,Border RS Peak Left,Window RS Top Left-1" GridSize="400" layout="minimalGrid" LayoutGroup="Default"/>
    <modelGroup selected="0" name="Wreaths" models="Wreath Left,Wreath Right" GridSize="400" layout="minimalGrid" LayoutGroup="Default"/>
    <modelGroup selected="0" name="RGB Star Left" models="Star Left Inner,Star Left Middle,Star Left Outter" GridSize="400" layout="minimalGrid" LayoutGroup="Default"/>
    <modelGroup selected="0" name="RGB Star Right" models="Star Right Inner,Star Right Middle,Star Right Outter" GridSize="400" layout="minimalGrid" LayoutGroup="Default"/>
  </modelGroups>
  <layoutGroups/>
  <perspectives current="Default Perspective">
    <perspective name="Default Perspective" settings="layout2|name=ModelPreview;caption=Model Preview;state=2099196;dir=4;layer=1;row=0;pos=3;prop=100000;bestw=250;besth=250;minw=-1;minh=-1;maxw=-1;maxh=-1;floatx=-1;floaty=-1;floatw=-1;floath=-1|name=HousePreview;caption=House Preview;state=2099196;dir=4;layer=1;row=0;pos=2;prop=100000;bestw=250;besth=250;minw=-1;minh=-1;maxw=-1;maxh=-1;floatx=-1;floaty=-1;floatw=-1;floath=-1|name=EffectAssist;caption=Effect Assist;state=2099196;dir=4;layer=1;row=0;pos=1;prop=100000;bestw=250;besth=250;minw=-1;minh=-1;maxw=-1;maxh=-1;floatx=-1;floaty=-1;floatw=-1;floath=-1|name=DisplayElements;caption=Display Elements;state=2099199;dir=4;layer=0;row=0;pos=0;prop=100000;bestw=312;besth=350;minw=-1;minh=-1;maxw=-1;maxh=-1;floatx=540;floaty=302;floatw=312;floath=366|name=Perspectives;caption=Perspectives;state=2099198;dir=4;layer=1;row=0;pos=0;prop=100000;bestw=183;besth=150;minw=-1;minh=-1;maxw=-1;maxh=-1;floatx=-1;floaty=-1;floatw=-1;floath=-1|name=Effect;caption=Effect Settings;state=2099196;dir=4;layer=1;row=0;pos=0;prop=100000;bestw=481;besth=528;minw=-1;minh=-1;maxw=-1;maxh=-1;floatx=-1;floaty=-1;floatw=-1;floath=-1|name=EffectDropper;caption=Effects;state=2099196;dir=1;layer=0;row=0;pos=3;prop=100000;bestw=900;besth=500;minw=-1;minh=-1;maxw=-1;maxh=-1;floatx=-1;floaty=-1;floatw=-1;floath=-1|name=Color;caption=Color;state=2099196;dir=1;layer=0;row=0;pos=2;prop=100000;bestw=330;besth=193;minw=-1;minh=-1;maxw=-1;maxh=-1;floatx=-1;floaty=-1;floatw=-1;floath=-1|name=LayerTiming;caption=Layer Blending;state=2099196;dir=1;layer=0;row=0;pos=1;prop=100000;bestw=301;besth=262;minw=-1;minh=-1;maxw=-1;maxh=-1;floatx=-1;floaty=-1;floatw=-1;floath=-1|name=LayerSettings;caption=Layer Settings;state=2099196;dir=1;layer=0;row=0;pos=0;prop=100000;bestw=377;besth=265;minw=-1;minh=-1;maxw=-1;maxh=-1;floatx=-1;floaty=-1;floatw=-1;floath=-1|name=Main Sequencer;caption=Main Sequencer;state=768;dir=5;layer=0;row=0;pos=0;prop=100000;bestw=140;besth=49;minw=-1;minh=-1;maxw=-1;maxh=-1;floatx=-1;floaty=-1;floatw=-1;floath=-1|dock_size(4,1,0)=352|dock_size(1,0,0)=149|dock_size(5,0,0)=142|" version="2.0"/>
  </perspectives>
  <settings>
    <backgroundImage value="/Users/Billy/Documents/WonderlandAtRoseville2016-2017/Outlinexlights.png"/>
    <scaleImage value="0"/>
    <storedLayoutGroup value="All Models"/>
    <previewWidth value="1500"/>
    <previewHeight value="700"/>
    <backgroundBrightness value="0"/>
  </settings>
</xrgb>
