<?xml version="1.0" encoding="UTF-8"?>
<report version="1.0" kind="user">
  <system description="OS X Version 10.12 (Build 16A323)"/>
  <stack>
    <frame level="0" function="handleCrash(void*) " offset="00000000"/>
    <frame level="1" function="wxFatalSignalHandler " offset="00000000"/>
    <frame level="2" function="_sigtramp " offset="00000000"/>
    <frame level="3" function="0x000028d8 " offset="00000000"/>
    <frame level="4" function="xLightsFrame::OnButtonDownClick(wxCommandEvent&amp;) " offset="00000000"/>
    <frame level="5" function="wxEvtHandler::SearchDynamicEventTable(wxEvent&amp;) " offset="00000000"/>
    <frame level="6" function="wxEvtHandler::ProcessEvent(wxEvent&amp;) " offset="00000000"/>
    <frame level="7" function="wxEvtHandler::ProcessEventLocally(wxEvent&amp;) " offset="00000000"/>
    <frame level="8" function="wxEvtHandler::ProcessEvent(wxEvent&amp;) " offset="00000000"/>
    <frame level="9" function="wxWindowBase::TryAfter(wxEvent&amp;) " offset="00000000"/>
    <frame level="10" function="wxEvtHandler::TryAfter(wxEvent&amp;) " offset="00000000"/>
    <frame level="11" function="wxEvtHandler::ProcessEvent(wxEvent&amp;) " offset="00000000"/>
    <frame level="12" function="wxWindowBase::TryAfter(wxEvent&amp;) " offset="00000000"/>
    <frame level="13" function="wxEvtHandler::ProcessEvent(wxEvent&amp;) " offset="00000000"/>
    <frame level="14" function="wxWindowBase::TryAfter(wxEvent&amp;) " offset="00000000"/>
    <frame level="15" function="wxEvtHandler::ProcessEvent(wxEvent&amp;) " offset="00000000"/>
    <frame level="16" function="wxEvtHandler::SafelyProcessEvent(wxEvent&amp;) " offset="00000000"/>
    <frame level="17" function="wxButton::OSXHandleClicked(double) " offset="00000000"/>
    <frame level="18" function="_os_activity_initiate " offset="00000000"/>
    <frame level="19" function="-[NSApplication(NSResponder) sendAction:to:from:] " offset="00000000"/>
    <frame level="20" function="-[NSControl sendAction:to:] " offset="00000000"/>
    <frame level="21" function="__26-[NSCell _sendActionFrom:]_block_invoke " offset="00000000"/>
    <frame level="22" function="_os_activity_initiate " offset="00000000"/>
    <frame level="23" function="-[NSCell _sendActionFrom:] " offset="00000000"/>
    <frame level="24" function="-[NSButtonCell _sendActionFrom:] " offset="00000000"/>
    <frame level="25" function="_os_activity_initiate " offset="00000000"/>
    <frame level="26" function="-[NSButtonCell performClick:] " offset="00000000"/>
    <frame level="27" function="wxTextCtrl::OnChar(wxKeyEvent&amp;) " offset="00000000"/>
    <frame level="28" function="wxEventHashTable::HandleEvent(wxEvent&amp;, wxEvtHandler*) " offset="00000000"/>
    <frame level="29" function="wxEvtHandler::ProcessEventLocally(wxEvent&amp;) " offset="00000000"/>
    <frame level="30" function="wxEvtHandler::ProcessEvent(wxEvent&amp;) " offset="00000000"/>
    <frame level="31" function="wxEvtHandler::SafelyProcessEvent(wxEvent&amp;) " offset="00000000"/>
    <frame level="32" function="wxWindow::OSXHandleKeyEvent(wxKeyEvent&amp;) " offset="00000000"/>
    <frame level="33" function="wxWidgetCocoaImpl::DoHandleCharEvent(NSEvent*, NSString*) " offset="00000000"/>
    <frame level="34" function="-[wxNSTextFieldEditor insertText:] " offset="00000000"/>
    <frame level="35" function="-[wxNSTextField control:textView:doCommandBySelector:] " offset="00000000"/>
    <frame level="36" function="-[NSTextField textView:doCommandBySelector:] " offset="00000000"/>
    <frame level="37" function="-[NSTextView doCommandBySelector:] " offset="00000000"/>
    <frame level="38" function="-[NSTextInputContext(NSInputContext_WithCompletion) doCommandBySelector:completionHandler:] " offset="00000000"/>
    <frame level="39" function="-[NSKeyBindingManager(NSKeyBindingManager_MultiClients) interpretEventAsCommand:forClient:] " offset="00000000"/>
    <frame level="40" function="__61-[NSTextInputContext _handleEvent:options:completionHandler:]_block_invoke.904 " offset="00000000"/>
    <frame level="41" function="__61-[NSTextInputContext _handleEvent:options:completionHandler:]_block_invoke_3 " offset="00000000"/>
    <frame level="42" function="-[NSTextInputContext tryHandleEvent_HasMarkedText_withDispatchCondition:dispatchWork:continuation:] " offset="00000000"/>
    <frame level="43" function="__61-[NSTextInputContext _handleEvent:options:completionHandler:]_block_invoke.894 " offset="00000000"/>
    <frame level="44" function="__TSMProcessRawKeyEventWithOptionsAndCompletionHandler_block_invoke_5 " offset="00000000"/>
    <frame level="45" function="___ZL23DispatchEventToHandlersP14EventTargetRecP14OpaqueEventRefP14HandlerCallRec_block_invoke " offset="00000000"/>
    <frame level="46" function="__55-[NSTextInputContext handleTSMEvent:completionHandler:]_block_invoke.157 " offset="00000000"/>
    <frame level="47" function="__55-[NSTextInputContext handleTSMEvent:completionHandler:]_block_invoke_2 " offset="00000000"/>
    <frame level="48" function="-[NSTextInputContext tryHandleTSMEvent_HasMarkedText_withDispatchCondition:dispatchWork:continuation:] " offset="00000000"/>
    <frame level="49" function="-[NSTextInputContext handleTSMEvent:completionHandler:] " offset="00000000"/>
    <frame level="50" function="_NSTSMEventHandler " offset="00000000"/>
    <frame level="51" function="DispatchEventToHandlers(EventTargetRec*, OpaqueEventRef*, HandlerCallRec*) " offset="00000000"/>
    <frame level="52" function="SendEventToEventTargetInternal(OpaqueEventRef*, OpaqueEventTargetRef*, HandlerCallRec*) " offset="00000000"/>
    <frame level="53" function="SendEventToEventTargetWithOptions " offset="00000000"/>
    <frame level="54" function="SendTSMEvent_WithCompletionHandler " offset="00000000"/>
    <frame level="55" function="__SendUnicodeTextAEToUnicodeDoc_WithCompletionHandler_block_invoke " offset="00000000"/>
    <frame level="56" function="__SendFilterTextEvent_WithCompletionHandler_block_invoke " offset="00000000"/>
    <frame level="57" function="SendTSMEvent_WithCompletionHandler " offset="00000000"/>
    <frame level="58" function="SendFilterTextEvent_WithCompletionHandler " offset="00000000"/>
    <frame level="59" function="SendUnicodeTextAEToUnicodeDoc_WithCompletionHandler " offset="00000000"/>
    <frame level="60" function="__utDeliverTSMEvent_WithCompletionHandler_block_invoke_2 " offset="00000000"/>
    <frame level="61" function="__utDeliverTSMEvent_WithCompletionHandler_block_invoke " offset="00000000"/>
    <frame level="62" function="TSMKeyEvent_WithCompletionHandler " offset="00000000"/>
    <frame level="63" function="__TSMProcessRawKeyEventWithOptionsAndCompletionHandler_block_invoke_4 " offset="00000000"/>
    <frame level="64" function="__TSMProcessRawKeyEventWithOptionsAndCompletionHandler_block_invoke_3 " offset="00000000"/>
    <frame level="65" function="__TSMProcessRawKeyEventWithOptionsAndCompletionHandler_block_invoke_2 " offset="00000000"/>
    <frame level="66" function="__TSMProcessRawKeyEventWithOptionsAndCompletionHandler_block_invoke " offset="00000000"/>
    <frame level="67" function="TSMProcessRawKeyEventWithOptionsAndCompletionHandler " offset="00000000"/>
    <frame level="68" function="__61-[NSTextInputContext _handleEvent:options:completionHandler:]_block_invoke.885 " offset="00000000"/>
    <frame level="69" function="__204-[NSTextInputContext tryTSMProcessRawKeyEvent_orSubstitution:dispatchCondition:setupForDispatch:furtherCondition:doubleSpaceSubstitutionCondition:doubleSpaceSubstitutionWork:dispatchTSMWork:continuation:]_block_invoke.817 " offset="00000000"/>
    <frame level="70" function="-[NSTextInputContext tryTSMProcessRawKeyEvent_orSubstitution:dispatchCondition:setupForDispatch:furtherCondition:doubleSpaceSubstitutionCondition:doubleSpaceSubstitutionWork:dispatchTSMWork:continuation:] " offset="00000000"/>
    <frame level="71" function="-[NSTextInputContext _handleEvent:options:completionHandler:] " offset="00000000"/>
    <frame level="72" function="-[NSTextInputContext handleEvent:] " offset="00000000"/>
    <frame level="73" function="-[NSView interpretKeyEvents:] " offset="00000000"/>
    <frame level="74" function="-[NSTextView keyDown:] " offset="00000000"/>
    <frame level="75" function="-[wxNSTextFieldEditor keyDown:] " offset="00000000"/>
    <frame level="76" function="-[NSWindow(NSEventRouting) _reallySendEvent:isDelayedEvent:] " offset="00000000"/>
    <frame level="77" function="-[NSWindow(NSEventRouting) sendEvent:] " offset="00000000"/>
    <frame level="78" function="-[wxNSWindow sendEvent:] " offset="00000000"/>
    <frame level="79" function="-[NSApplication(NSEvent) sendEvent:] " offset="00000000"/>
    <frame level="80" function="-[wxNSApplication sendEvent:] " offset="00000000"/>
    <frame level="81" function="-[NSApplication run] " offset="00000000"/>
    <frame level="82" function="wxGUIEventLoop::OSXDoRun() " offset="00000000"/>
    <frame level="83" function="wxCFEventLoop::DoRun() " offset="00000000"/>
    <frame level="84" function="wxEventLoopBase::Run() " offset="00000000"/>
    <frame level="85" function="wxAppConsoleBase::MainLoop() " offset="00000000"/>
    <frame level="86" function="wxApp::OnRun() " offset="00000000"/>
    <frame level="87" function="wxEntry(int&amp;, wchar_t**) " offset="00000000"/>
    <frame level="88" function="main " offset="00000000"/>
    <frame level="89" function="start " offset="00000000"/>
  </stack>
</report>
